Workbook
Name StaffList: OFFSET(Lists!$A$2,0,0,COUNTA(Lists!$A$2:$A$1000),1)
Name AllocationList: OFFSET(Lists!$C$2,0,0,COUNTA(Lists!$C$2:$C$1000),1)

Sheet Instructions
B2: Resource Tracker – How to Use
B5: 1. Set up your team and projects on the 'Lists' tab
B6: Replace the 4 placeholder staff names with your team's real names. Add or remove projects and leave types in the 'Allocation' column. Every dropdown in this workbook reads from this tab automatically, so anything you add here shows up as a new dropdown option immediately - no formulas to touch.
B8: 2. Log time on the 'Timesheet' tab
B9: One row = one person, one date, one allocation (project or leave), and the hours spent. If someone splits a day across two projects, just add two rows for that date - e.g. Jane / Project Alpha / 4.5 hours, then Jane / Project Beta / 3 hours. The standard day is 7.5 hours.
B10: The 'Type', 'Week Ending' and 'Daily Total' columns fill in automatically. 'Daily Total' turns green at exactly 7.5 hours for that person/date, amber if under, and red if over - so gaps or double-booked time jump out immediately.
B12: 3. Check the automated summaries
B13: 'Weekly Summary' totals each person's hours per week against the 37.5 hour target and flags the variance.
B14: 'Project & Leave Summary' breaks total hours down by project/leave type and by person, with charts, so you can see at a glance where the team's time is going.
B15: 'Dashboard' gives a one-page snapshot of the current week.
B17: 4. Extending the tracker
B18: The Timesheet has 1,000 pre-formatted rows ready to go. If you add a 5th team member, add their name to the Lists tab, then copy a staff column formula across on the Weekly Summary and Project & Leave Summary tabs (select an existing staff column and drag/copy it one column over).
B19: All dropdowns are driven by named ranges (StaffList / AllocationList) that auto-expand as you add rows to the Lists tab - you never need to edit the dropdown itself.

Sheet Lists
A1: Staff Name | C1: Allocation (Project or Leave Type) | D1: Type | F1: Edit these lists freely. Add a row and it is picked up everywhere automatically (dropdowns, summaries, charts) via the StaffList / AllocationList named ranges.
A2: Line Report 1 | C2: Project A | D2: Project
A3: Line Report 2 | C3: Project B | D3: Project
A4: Line Report 3 | C4: Project C | D4: Project
A5: Line Report 4 | C5: Project D | D5: Project
C6: Annual Leave | D6: Leave
C7: Sick Leave | D7: Leave
C8: Public Holiday | D8: Leave
C9: Training / Development | D9: Leave
C10: Other Absence | D10: Leave

Sheet Timesheet
A1: Date | B1: Staff Name | C1: Allocation (Project / Leave) | D1: Type | E1: Hours | F1: Notes | G1: Week Ending | H1: Daily Total (person/date)
D2: =IF(C2="","",IFERROR(VLOOKUP(C2,Lists!$C:$D,2,FALSE),"")) | G2: =IF(A2="","",A2+(7-WEEKDAY(A2,2))) | H2: =IF(OR(A2="",B2=""),"",SUMIFS($E$2:$E$1001,$A$2:$A$1001,A2,$B$2:$B$1001,B2))
D3: =IF(C3="","",IFERROR(VLOOKUP(C3,Lists!$C:$D,2,FALSE),"")) | G3: =IF(A3="","",A3+(7-WEEKDAY(A3,2))) | H3: =IF(OR(A3="",B3=""),"",SUMIFS($E$2:$E$1001,$A$2:$A$1001,A3,$B$2:$B$1001,B3))
D4: =IF(C4="","",IFERROR(VLOOKUP(C4,Lists!$C:$D,2,FALSE),"")) | G4: =IF(A4="","",A4+(7-WEEKDAY(A4,2))) | H4: =IF(OR(A4="",B4=""),"",SUMIFS($E$2:$E$1001,$A$2:$A$1001,A4,$B$2:$B$1001,B4))
D5: =IF(C5="","",IFERROR(VLOOKUP(C5,Lists!$C:$D,2,FALSE),"")) | G5: =IF(A5="","",A5+(7-WEEKDAY(A5,2))) | H5: =IF(OR(A5="",B5=""),"",SUMIFS($E$2:$E$1001,$A$2:$A$1001,A5,$B$2:$B$1001,B5))
D6: =IF(C6="","",IFERROR(VLOOKUP(C6,Lists!$C:$D,2,FALSE),"")) | G6: =IF(A6="","",A6+(7-WEEKDAY(A6,2))) | H6: =IF(OR(A6="",B6=""),"",SUMIFS($E$2:$E$1001,$A$2:$A$1001,A6,$B$2:$B$1001,B6))
D7: =IF(C7="","",IFERROR(VLOOKUP(C7,Lists!$C:$D,2,FALSE),"")) | G7: =IF(A7="","",A7+(7-WEEKDAY(A7,2))) | H7: =IF(OR(A7="",B7=""),"",SUMIFS($E$2:$E$1001,$A$2:$A$1001,A7,$B$2:$B$1001,B7))
D8: =IF(C8="","",IFERROR(VLOOKUP(C8,Lists!$C:$D,2,FALSE),"")) | G8: =IF(A8="","",A8+(7-WEEKDAY(A8,2))) | H8: =IF(OR(A8="",B8=""),"",SUMIFS($E$2:$E$1001,$A$2:$A$1001,A8,$B$2:$B$1001,B8))
D9: =IF(C9="","",IFERROR(VLOOKUP(C9,Lists!$C:$D,2,FALSE),"")) | G9: =IF(A9="","",A9+(7-WEEKDAY(A9,2))) | H9: =IF(OR(A9="",B9=""),"",SUMIFS($E$2:$E$1001,$A$2:$A$1001,A9,$B$2:$B$1001,B9))
D10: =IF(C10="","",IFERROR(VLOOKUP(C10,Lists!$C:$D,2,FALSE),"")) | G10: =IF(A10="","",A10+(7-WEEKDAY(A10,2))) | H10: =IF(OR(A10="",B10=""),"",SUMIFS($E$2:$E$1001,$A$2:$A$1001,A10,$B$2:$B$1001,B10))
D11: =IF(C11="","",IFERROR(VLOOKUP(C11,Lists!$C:$D,2,FALSE),"")) | G11: =IF(A11="","",A11+(7-WEEKDAY(A11,2))) | H11: =IF(OR(A11="",B11=""),"",SUMIFS($E$2:$E$1001,$A$2:$A$1001,A11,$B$2:$B$1001,B11))
D12: =IF(C12="","",IFERROR(VLOOKUP(C12,Lists!$C:$D,2,FALSE),"")) | G12: =IF(A12="","",A12+(7-WEEKDAY(A12,2))) | H12: =IF(OR(A12="",B12=""),"",SUMIFS($E$2:$E$1001,$A$2:$A$1001,A12,$B$2:$B$1001,B12))
D13: =IF(C13="","",IFERROR(VLOOKUP(C13,Lists!$C:$D,2,FALSE),"")) | G13: =IF(A13="","",A13+(7-WEEKDAY(A13,2))) | H13: =IF(OR(A13="",B13=""),"",SUMIFS($E$2:$E$1001,$A$2:$A$1001,A13,$B$2:$B$1001,B13))
... D1001: =IF(C1001="","",IFERROR(VLOOKUP(C1001,Lists!$C:$D,2,FALSE),"")) | G1001: =IF(A1001="","",A1001+(7-WEEKDAY(A1001,2))) | H1001: =IF(OR(A1001="",B1001=""),"",SUMIFS($E$2:$E$1001,$A$2:$A$1001,A1001,$B$2:$B$1001,B1001))

Sheet Weekly Summary
A1: Week Ending | B1: =Lists!$A$2 | C1: =Lists!$A$3 | D1: =Lists!$A$4 | E1: =Lists!$A$5 | F1: Total Hours | G1: Target Hours | H1: Variance
A2: =TODAY()-WEEKDAY(TODAY(),3)+6 | B2: =IF($B$1="","",SUMIFS(Timesheet!$E:$E,Timesheet!$B:$B,B$1,Timesheet!$G:$G,$A2)) | C2: =IF($C$1="","",SUMIFS(Timesheet!$E:$E,Timesheet!$B:$B,C$1,Timesheet!$G:$G,$A2)) | D2: =IF($D$1="","",SUMIFS(Timesheet!$E:$E,Timesheet!$B:$B,D$1,Timesheet!$G:$G,$A2)) | E2: =IF($E$1="","",SUMIFS(Timesheet!$E:$E,Timesheet!$B:$B,E$1,Timesheet!$G:$G,$A2)) | F2: =SUM(B2:E2) | G2: =COUNTA(StaffList)*7.5*5 | H2: =F2-G2
A3: =A2+7 | B3: =IF($B$1="","",SUMIFS(Timesheet!$E:$E,Timesheet!$B:$B,B$1,Timesheet!$G:$G,$A3)) | C3: =IF($C$1="","",SUMIFS(Timesheet!$E:$E,Timesheet!$B:$B,C$1,Timesheet!$G:$G,$A3)) | D3: =IF($D$1="","",SUMIFS(Timesheet!$E:$E,Timesheet!$B:$B,D$1,Timesheet!$G:$G,$A3)) | E3: =IF($E$1="","",SUMIFS(Timesheet!$E:$E,Timesheet!$B:$B,E$1,Timesheet!$G:$G,$A3)) | F3: =SUM(B3:E3) | G3: =COUNTA(StaffList)*7.5*5 | H3: =F3-G3
A4: =A3+7 | B4: =IF($B$1="","",SUMIFS(Timesheet!$E:$E,Timesheet!$B:$B,B$1,Timesheet!$G:$G,$A4)) | C4: =IF($C$1="","",SUMIFS(Timesheet!$E:$E,Timesheet!$B:$B,C$1,Timesheet!$G:$G,$A4)) | D4: =IF($D$1="","",SUMIFS(Timesheet!$E:$E,Timesheet!$B:$B,D$1,Timesheet!$G:$G,$A4)) | E4: =IF($E$1="","",SUMIFS(Timesheet!$E:$E,Timesheet!$B:$B,E$1,Timesheet!$G:$G,$A4)) | F4: =SUM(B4:E4) | G4: =COUNTA(StaffList)*7.5*5 | H4: =F4-G4
A5: =A4+7 | B5: =IF($B$1="","",SUMIFS(Timesheet!$E:$E,Timesheet!$B:$B,B$1,Timesheet!$G:$G,$A5)) | C5: =IF($C$1="","",SUMIFS(Timesheet!$E:$E,Timesheet!$B:$B,C$1,Timesheet!$G:$G,$A5)) | D5: =IF($D$1="","",SUMIFS(Timesheet!$E:$E,Timesheet!$B:$B,D$1,Timesheet!$G:$G,$A5)) | E5: =IF($E$1="","",SUMIFS(Timesheet!$E:$E,Timesheet!$B:$B,E$1,Timesheet!$G:$G,$A5)) | F5: =SUM(B5:E5) | G5: =COUNTA(StaffList)*7.5*5 | H5: =F5-G5
A6: =A5+7 | B6: =IF($B$1="","",SUMIFS(Timesheet!$E:$E,Timesheet!$B:$B,B$1,Timesheet!$G:$G,$A6)) | C6: =IF($C$1="","",SUMIFS(Timesheet!$E:$E,Timesheet!$B:$B,C$1,Timesheet!$G:$G,$A6)) | D6: =IF($D$1="","",SUMIFS(Timesheet!$E:$E,Timesheet!$B:$B,D$1,Timesheet!$G:$G,$A6)) | E6: =IF($E$1="","",SUMIFS(Timesheet!$E:$E,Timesheet!$B:$B,E$1,Timesheet!$G:$G,$A6)) | F6: =SUM(B6:E6) | G6: =COUNTA(StaffList)*7.5*5 | H6: =F6-G6
A7: =A6+7 | B7: =IF($B$1="","",SUMIFS(Timesheet!$E:$E,Timesheet!$B:$B,B$1,Timesheet!$G:$G,$A7)) | C7: =IF($C$1="","",SUMIFS(Timesheet!$E:$E,Timesheet!$B:$B,C$1,Timesheet!$G:$G,$A7)) | D7: =IF($D$1="","",SUMIFS(Timesheet!$E:$E,Timesheet!$B:$B,D$1,Timesheet!$G:$G,$A7)) | E7: =IF($E$1="","",SUMIFS(Timesheet!$E:$E,Timesheet!$B:$B,E$1,Timesheet!$G:$G,$A7)) | F7: =SUM(B7:E7) | G7: =COUNTA(StaffList)*7.5*5 | H7: =F7-G7
A8: =A7+7 | B8: =IF($B$1="","",SUMIFS(Timesheet!$E:$E,Timesheet!$B:$B,B$1,Timesheet!$G:$G,$A8)) | C8: =IF($C$1="","",SUMIFS(Timesheet!$E:$E,Timesheet!$B:$B,C$1,Timesheet!$G:$G,$A8)) | D8: =IF($D$1="","",SUMIFS(Timesheet!$E:$E,Timesheet!$B:$B,D$1,Timesheet!$G:$G,$A8)) | E8: =IF($E$1="","",SUMIFS(Timesheet!$E:$E,Timesheet!$B:$B,E$1,Timesheet!$G:$G,$A8)) | F8: =SUM(B8:E8) | G8: =COUNTA(StaffList)*7.5*5 | H8: =F8-G8
A9: =A8+7 | B9: =IF($B$1="","",SUMIFS(Timesheet!$E:$E,Timesheet!$B:$B,B$1,Timesheet!$G:$G,$A9)) | C9: =IF($C$1="","",SUMIFS(Timesheet!$E:$E,Timesheet!$B:$B,C$1,Timesheet!$G:$G,$A9)) | D9: =IF($D$1="","",SUMIFS(Timesheet!$E:$E,Timesheet!$B:$B,D$1,Timesheet!$G:$G,$A9)) | E9: =IF($E$1="","",SUMIFS(Timesheet!$E:$E,Timesheet!$B:$B,E$1,Timesheet!$G:$G,$A9)) | F9: =SUM(B9:E9) | G9: =COUNTA(StaffList)*7.5*5 | H9: =F9-G9
A10: =A9+7 | B10: =IF($B$1="","",SUMIFS(Timesheet!$E:$E,Timesheet!$B:$B,B$1,Timesheet!$G:$G,$A10)) | C10: =IF($C$1="","",SUMIFS(Timesheet!$E:$E,Timesheet!$B:$B,C$1,Timesheet!$G:$G,$A10)) | D10: =IF($D$1="","",SUMIFS(Timesheet!$E:$E,Timesheet!$B:$B,D$1,Timesheet!$G:$G,$A10)) | E10: =IF($E$1="","",SUMIFS(Timesheet!$E:$E,Timesheet!$B:$B,E$1,Timesheet!$G:$G,$A10)) | F10: =SUM(B10:E10) | G10: =COUNTA(StaffList)*7.5*5 | H10: =F10-G10
A11: =A10+7 | B11: =IF($B$1="","",SUMIFS(Timesheet!$E:$E,Timesheet!$B:$B,B$1,Timesheet!$G:$G,$A11)) | C11: =IF($C$1="","",SUMIFS(Timesheet!$E:$E,Timesheet!$B:$B,C$1,Timesheet!$G:$G,$A11)) | D11: =IF($D$1="","",SUMIFS(Timesheet!$E:$E,Timesheet!$B:$B,D$1,Timesheet!$G:$G,$A11)) | E11: =IF($E$1="","",SUMIFS(Timesheet!$E:$E,Timesheet!$B:$B,E$1,Timesheet!$G:$G,$A11)) | F11: =SUM(B11:E11) | G11: =COUNTA(StaffList)*7.5*5 | H11: =F11-G11
A12: =A11+7 | B12: =IF($B$1="","",SUMIFS(Timesheet!$E:$E,Timesheet!$B:$B,B$1,Timesheet!$G:$G,$A12)) | C12: =IF($C$1="","",SUMIFS(Timesheet!$E:$E,Timesheet!$B:$B,C$1,Timesheet!$G:$G,$A12)) | D12: =IF($D$1="","",SUMIFS(Timesheet!$E:$E,Timesheet!$B:$B,D$1,Timesheet!$G:$G,$A12)) | E12: =IF($E$1="","",SUMIFS(Timesheet!$E:$E,Timesheet!$B:$B,E$1,Timesheet!$G:$G,$A12)) | F12: =SUM(B12:E12) | G12: =COUNTA(StaffList)*7.5*5 | H12: =F12-G12
A13: =A12+7 | B13: =IF($B$1="","",SUMIFS(Timesheet!$E:$E,Timesheet!$B:$B,B$1,Timesheet!$G:$G,$A13)) | C13: =IF($C$1="","",SUMIFS(Timesheet!$E:$E,Timesheet!$B:$B,C$1,Timesheet!$G:$G,$A13)) | D13: =IF($D$1="","",SUMIFS(Timesheet!$E:$E,Timesheet!$B:$B,D$1,Timesheet!$G:$G,$A13)) | E13: =IF($E$1="","",SUMIFS(Timesheet!$E:$E,Timesheet!$B:$B,E$1,Timesheet!$G:$G,$A13)) | F13: =SUM(B13:E13) | G13: =COUNTA(StaffList)*7.5*5 | H13: =F13-G13
A14: =A13+7 | B14: =IF($B$1="","",SUMIFS(Timesheet!$E:$E,Timesheet!$B:$B,B$1,Timesheet!$G:$G,$A14)) | C14: =IF($C$1="","",SUMIFS(Timesheet!$E:$E,Timesheet!$B:$B,C$1,Timesheet!$G:$G,$A14)) | D14: =IF($D$1="","",SUMIFS(Timesheet!$E:$E,Timesheet!$B:$B,D$1,Timesheet!$G:$G,$A14)) | E14: =IF($E$1="","",SUMIFS(Timesheet!$E:$E,Timesheet!$B:$B,E$1,Timesheet!$G:$G,$A14)) | F14: =SUM(B14:E14) | G14: =COUNTA(StaffList)*7.5*5 | H14: =F14-G14
... A61: =A60+7 | B61: =IF($B$1="","",SUMIFS(Timesheet!$E:$E,Timesheet!$B:$B,B$1,Timesheet!$G:$G,$A61)) | C61: =IF($C$1="","",SUMIFS(Timesheet!$E:$E,Timesheet!$B:$B,C$1,Timesheet!$G:$G,$A61)) | D61: =IF($D$1="","",SUMIFS(Timesheet!$E:$E,Timesheet!$B:$B,D$1,Timesheet!$G:$G,$A61)) | E61: =IF($E$1="","",SUMIFS(Timesheet!$E:$E,Timesheet!$B:$B,E$1,Timesheet!$G:$G,$A61)) | F61: =SUM(B61:E61) | G61: =COUNTA(StaffList)*7.5*5 | H61: =F61-G61
A63: Row 2's 'Week Ending' defaults to the current week (Sunday). Overwrite it with your first week if you want the tracker to start earlier - every row below rolls forward automatically in 7 day steps.

Sheet Project & Leave Summary
A1: Allocation | B1: Type | C1: =Lists!$A$2 | D1: =Lists!$A$3 | E1: =Lists!$A$4 | F1: =Lists!$A$5 | G1: Total Hours
A2: =IFERROR(INDEX(AllocationList,1),"") | B2: =IF($A2="","",IFERROR(VLOOKUP($A2,Lists!$C:$D,2,FALSE),"")) | C2: =IF($A2="","",SUMIFS(Timesheet!$E:$E,Timesheet!$C:$C,$A2,Timesheet!$B:$B,C$1)) | D2: =IF($A2="","",SUMIFS(Timesheet!$E:$E,Timesheet!$C:$C,$A2,Timesheet!$B:$B,D$1)) | E2: =IF($A2="","",SUMIFS(Timesheet!$E:$E,Timesheet!$C:$C,$A2,Timesheet!$B:$B,E$1)) | F2: =IF($A2="","",SUMIFS(Timesheet!$E:$E,Timesheet!$C:$C,$A2,Timesheet!$B:$B,F$1)) | G2: =IF($A2="","",SUM(C2:F2))
A3: =IFERROR(INDEX(AllocationList,2),"") | B3: =IF($A3="","",IFERROR(VLOOKUP($A3,Lists!$C:$D,2,FALSE),"")) | C3: =IF($A3="","",SUMIFS(Timesheet!$E:$E,Timesheet!$C:$C,$A3,Timesheet!$B:$B,C$1)) | D3: =IF($A3="","",SUMIFS(Timesheet!$E:$E,Timesheet!$C:$C,$A3,Timesheet!$B:$B,D$1)) | E3: =IF($A3="","",SUMIFS(Timesheet!$E:$E,Timesheet!$C:$C,$A3,Timesheet!$B:$B,E$1)) | F3: =IF($A3="","",SUMIFS(Timesheet!$E:$E,Timesheet!$C:$C,$A3,Timesheet!$B:$B,F$1)) | G3: =IF($A3="","",SUM(C3:F3))
A4: =IFERROR(INDEX(AllocationList,3),"") | B4: =IF($A4="","",IFERROR(VLOOKUP($A4,Lists!$C:$D,2,FALSE),"")) | C4: =IF($A4="","",SUMIFS(Timesheet!$E:$E,Timesheet!$C:$C,$A4,Timesheet!$B:$B,C$1)) | D4: =IF($A4="","",SUMIFS(Timesheet!$E:$E,Timesheet!$C:$C,$A4,Timesheet!$B:$B,D$1)) | E4: =IF($A4="","",SUMIFS(Timesheet!$E:$E,Timesheet!$C:$C,$A4,Timesheet!$B:$B,E$1)) | F4: =IF($A4="","",SUMIFS(Timesheet!$E:$E,Timesheet!$C:$C,$A4,Timesheet!$B:$B,F$1)) | G4: =IF($A4="","",SUM(C4:F4))
A5: =IFERROR(INDEX(AllocationList,4),"") | B5: =IF($A5="","",IFERROR(VLOOKUP($A5,Lists!$C:$D,2,FALSE),"")) | C5: =IF($A5="","",SUMIFS(Timesheet!$E:$E,Timesheet!$C:$C,$A5,Timesheet!$B:$B,C$1)) | D5: =IF($A5="","",SUMIFS(Timesheet!$E:$E,Timesheet!$C:$C,$A5,Timesheet!$B:$B,D$1)) | E5: =IF($A5="","",SUMIFS(Timesheet!$E:$E,Timesheet!$C:$C,$A5,Timesheet!$B:$B,E$1)) | F5: =IF($A5="","",SUMIFS(Timesheet!$E:$E,Timesheet!$C:$C,$A5,Timesheet!$B:$B,F$1)) | G5: =IF($A5="","",SUM(C5:F5))
A6: =IFERROR(INDEX(AllocationList,5),"") | B6: =IF($A6="","",IFERROR(VLOOKUP($A6,Lists!$C:$D,2,FALSE),"")) | C6: =IF($A6="","",SUMIFS(Timesheet!$E:$E,Timesheet!$C:$C,$A6,Timesheet!$B:$B,C$1)) | D6: =IF($A6="","",SUMIFS(Timesheet!$E:$E,Timesheet!$C:$C,$A6,Timesheet!$B:$B,D$1)) | E6: =IF($A6="","",SUMIFS(Timesheet!$E:$E,Timesheet!$C:$C,$A6,Timesheet!$B:$B,E$1)) | F6: =IF($A6="","",SUMIFS(Timesheet!$E:$E,Timesheet!$C:$C,$A6,Timesheet!$B:$B,F$1)) | G6: =IF($A6="","",SUM(C6:F6))
A7: =IFERROR(INDEX(AllocationList,6),"") | B7: =IF($A7="","",IFERROR(VLOOKUP($A7,Lists!$C:$D,2,FALSE),"")) | C7: =IF($A7="","",SUMIFS(Timesheet!$E:$E,Timesheet!$C:$C,$A7,Timesheet!$B:$B,C$1)) | D7: =IF($A7="","",SUMIFS(Timesheet!$E:$E,Timesheet!$C:$C,$A7,Timesheet!$B:$B,D$1)) | E7: =IF($A7="","",SUMIFS(Timesheet!$E:$E,Timesheet!$C:$C,$A7,Timesheet!$B:$B,E$1)) | F7: =IF($A7="","",SUMIFS(Timesheet!$E:$E,Timesheet!$C:$C,$A7,Timesheet!$B:$B,F$1)) | G7: =IF($A7="","",SUM(C7:F7))
A8: =IFERROR(INDEX(AllocationList,7),"") | B8: =IF($A8="","",IFERROR(VLOOKUP($A8,Lists!$C:$D,2,FALSE),"")) | C8: =IF($A8="","",SUMIFS(Timesheet!$E:$E,Timesheet!$C:$C,$A8,Timesheet!$B:$B,C$1)) | D8: =IF($A8="","",SUMIFS(Timesheet!$E:$E,Timesheet!$C:$C,$A8,Timesheet!$B:$B,D$1)) | E8: =IF($A8="","",SUMIFS(Timesheet!$E:$E,Timesheet!$C:$C,$A8,Timesheet!$B:$B,E$1)) | F8: =IF($A8="","",SUMIFS(Timesheet!$E:$E,Timesheet!$C:$C,$A8,Timesheet!$B:$B,F$1)) | G8: =IF($A8="","",SUM(C8:F8))
A9: =IFERROR(INDEX(AllocationList,8),"") | B9: =IF($A9="","",IFERROR(VLOOKUP($A9,Lists!$C:$D,2,FALSE),"")) | C9: =IF($A9="","",SUMIFS(Timesheet!$E:$E,Timesheet!$C:$C,$A9,Timesheet!$B:$B,C$1)) | D9: =IF($A9="","",SUMIFS(Timesheet!$E:$E,Timesheet!$C:$C,$A9,Timesheet!$B:$B,D$1)) | E9: =IF($A9="","",SUMIFS(Timesheet!$E:$E,Timesheet!$C:$C,$A9,Timesheet!$B:$B,E$1)) | F9: =IF($A9="","",SUMIFS(Timesheet!$E:$E,Timesheet!$C:$C,$A9,Timesheet!$B:$B,F$1)) | G9: =IF($A9="","",SUM(C9:F9))
A10: =IFERROR(INDEX(AllocationList,9),"") | B10: =IF($A10="","",IFERROR(VLOOKUP($A10,Lists!$C:$D,2,FALSE),"")) | C10: =IF($A10="","",SUMIFS(Timesheet!$E:$E,Timesheet!$C:$C,$A10,Timesheet!$B:$B,C$1)) | D10: =IF($A10="","",SUMIFS(Timesheet!$E:$E,Timesheet!$C:$C,$A10,Timesheet!$B:$B,D$1)) | E10: =IF($A10="","",SUMIFS(Timesheet!$E:$E,Timesheet!$C:$C,$A10,Timesheet!$B:$B,E$1)) | F10: =IF($A10="","",SUMIFS(Timesheet!$E:$E,Timesheet!$C:$C,$A10,Timesheet!$B:$B,F$1)) | G10: =IF($A10="","",SUM(C10:F10))
A11: =IFERROR(INDEX(AllocationList,10),"") | B11: =IF($A11="","",IFERROR(VLOOKUP($A11,Lists!$C:$D,2,FALSE),"")) | C11: =IF($A11="","",SUMIFS(Timesheet!$E:$E,Timesheet!$C:$C,$A11,Timesheet!$B:$B,C$1)) | D11: =IF($A11="","",SUMIFS(Timesheet!$E:$E,Timesheet!$C:$C,$A11,Timesheet!$B:$B,D$1)) | E11: =IF($A11="","",SUMIFS(Timesheet!$E:$E,Timesheet!$C:$C,$A11,Timesheet!$B:$B,E$1)) | F11: =IF($A11="","",SUMIFS(Timesheet!$E:$E,Timesheet!$C:$C,$A11,Timesheet!$B:$B,F$1)) | G11: =IF($A11="","",SUM(C11:F11))
A12: =IFERROR(INDEX(AllocationList,11),"") | B12: =IF($A12="","",IFERROR(VLOOKUP($A12,Lists!$C:$D,2,FALSE),"")) | C12: =IF($A12="","",SUMIFS(Timesheet!$E:$E,Timesheet!$C:$C,$A12,Timesheet!$B:$B,C$1)) | D12: =IF($A12="","",SUMIFS(Timesheet!$E:$E,Timesheet!$C:$C,$A12,Timesheet!$B:$B,D$1)) | E12: =IF($A12="","",SUMIFS(Timesheet!$E:$E,Timesheet!$C:$C,$A12,Timesheet!$B:$B,E$1)) | F12: =IF($A12="","",SUMIFS(Timesheet!$E:$E,Timesheet!$C:$C,$A12,Timesheet!$B:$B,F$1)) | G12: =IF($A12="","",SUM(C12:F12))
A13: =IFERROR(INDEX(AllocationList,12),"") | B13: =IF($A13="","",IFERROR(VLOOKUP($A13,Lists!$C:$D,2,FALSE),"")) | C13: =IF($A13="","",SUMIFS(Timesheet!$E:$E,Timesheet!$C:$C,$A13,Timesheet!$B:$B,C$1)) | D13: =IF($A13="","",SUMIFS(Timesheet!$E:$E,Timesheet!$C:$C,$A13,Timesheet!$B:$B,D$1)) | E13: =IF($A13="","",SUMIFS(Timesheet!$E:$E,Timesheet!$C:$C,$A13,Timesheet!$B:$B,E$1)) | F13: =IF($A13="","",SUMIFS(Timesheet!$E:$E,Timesheet!$C:$C,$A13,Timesheet!$B:$B,F$1)) | G13: =IF($A13="","",SUM(C13:F13))
A14: =IFERROR(INDEX(AllocationList,13),"") | B14: =IF($A14="","",IFERROR(VLOOKUP($A14,Lists!$C:$D,2,FALSE),"")) | C14: =IF($A14="","",SUMIFS(Timesheet!$E:$E,Timesheet!$C:$C,$A14,Timesheet!$B:$B,C$1)) | D14: =IF($A14="","",SUMIFS(Timesheet!$E:$E,Timesheet!$C:$C,$A14,Timesheet!$B:$B,D$1)) | E14: =IF($A14="","",SUMIFS(Timesheet!$E:$E,Timesheet!$C:$C,$A14,Timesheet!$B:$B,E$1)) | F14: =IF($A14="","",SUMIFS(Timesheet!$E:$E,Timesheet!$C:$C,$A14,Timesheet!$B:$B,F$1)) | G14: =IF($A14="","",SUM(C14:F14))
A15: =IFERROR(INDEX(AllocationList,14),"") | B15: =IF($A15="","",IFERROR(VLOOKUP($A15,Lists!$C:$D,2,FALSE),"")) | C15: =IF($A15="","",SUMIFS(Timesheet!$E:$E,Timesheet!$C:$C,$A15,Timesheet!$B:$B,C$1)) | D15: =IF($A15="","",SUMIFS(Timesheet!$E:$E,Timesheet!$C:$C,$A15,Timesheet!$B:$B,D$1)) | E15: =IF($A15="","",SUMIFS(Timesheet!$E:$E,Timesheet!$C:$C,$A15,Timesheet!$B:$B,E$1)) | F15: =IF($A15="","",SUMIFS(Timesheet!$E:$E,Timesheet!$C:$C,$A15,Timesheet!$B:$B,F$1)) | G15: =IF($A15="","",SUM(C15:F15))
A16: =IFERROR(INDEX(AllocationList,15),"") | B16: =IF($A16="","",IFERROR(VLOOKUP($A16,Lists!$C:$D,2,FALSE),"")) | C16: =IF($A16="","",SUMIFS(Timesheet!$E:$E,Timesheet!$C:$C,$A16,Timesheet!$B:$B,C$1)) | D16: =IF($A16="","",SUMIFS(Timesheet!$E:$E,Timesheet!$C:$C,$A16,Timesheet!$B:$B,D$1)) | E16: =IF($A16="","",SUMIFS(Timesheet!$E:$E,Timesheet!$C:$C,$A16,Timesheet!$B:$B,E$1)) | F16: =IF($A16="","",SUMIFS(Timesheet!$E:$E,Timesheet!$C:$C,$A16,Timesheet!$B:$B,F$1)) | G16: =IF($A16="","",SUM(C16:F16))
A17: =IFERROR(INDEX(AllocationList,16),"") | B17: =IF($A17="","",IFERROR(VLOOKUP($A17,Lists!$C:$D,2,FALSE),"")) | C17: =IF($A17="","",SUMIFS(Timesheet!$E:$E,Timesheet!$C:$C,$A17,Timesheet!$B:$B,C$1)) | D17: =IF($A17="","",SUMIFS(Timesheet!$E:$E,Timesheet!$C:$C,$A17,Timesheet!$B:$B,D$1)) | E17: =IF($A17="","",SUMIFS(Timesheet!$E:$E,Timesheet!$C:$C,$A17,Timesheet!$B:$B,E$1)) | F17: =IF($A17="","",SUMIFS(Timesheet!$E:$E,Timesheet!$C:$C,$A17,Timesheet!$B:$B,F$1)) | G17: =IF($A17="","",SUM(C17:F17))
A18: =IFERROR(INDEX(AllocationList,17),"") | B18: =IF($A18="","",IFERROR(VLOOKUP($A18,Lists!$C:$D,2,FALSE),"")) | C18: =IF($A18="","",SUMIFS(Timesheet!$E:$E,Timesheet!$C:$C,$A18,Timesheet!$B:$B,C$1)) | D18: =IF($A18="","",SUMIFS(Timesheet!$E:$E,Timesheet!$C:$C,$A18,Timesheet!$B:$B,D$1)) | E18: =IF($A18="","",SUMIFS(Timesheet!$E:$E,Timesheet!$C:$C,$A18,Timesheet!$B:$B,E$1)) | F18: =IF($A18="","",SUMIFS(Timesheet!$E:$E,Timesheet!$C:$C,$A18,Timesheet!$B:$B,F$1)) | G18: =IF($A18="","",SUM(C18:F18))
A19: =IFERROR(INDEX(AllocationList,18),"") | B19: =IF($A19="","",IFERROR(VLOOKUP($A19,Lists!$C:$D,2,FALSE),"")) | C19: =IF($A19="","",SUMIFS(Timesheet!$E:$E,Timesheet!$C:$C,$A19,Timesheet!$B:$B,C$1)) | D19: =IF($A19="","",SUMIFS(Timesheet!$E:$E,Timesheet!$C:$C,$A19,Timesheet!$B:$B,D$1)) | E19: =IF($A19="","",SUMIFS(Timesheet!$E:$E,Timesheet!$C:$C,$A19,Timesheet!$B:$B,E$1)) | F19: =IF($A19="","",SUMIFS(Timesheet!$E:$E,Timesheet!$C:$C,$A19,Timesheet!$B:$B,F$1)) | G19: =IF($A19="","",SUM(C19:F19))
A20: =IFERROR(INDEX(AllocationList,19),"") | B20: =IF($A20="","",IFERROR(VLOOKUP($A20,Lists!$C:$D,2,FALSE),"")) | C20: =IF($A20="","",SUMIFS(Timesheet!$E:$E,Timesheet!$C:$C,$A20,Timesheet!$B:$B,C$1)) | D20: =IF($A20="","",SUMIFS(Timesheet!$E:$E,Timesheet!$C:$C,$A20,Timesheet!$B:$B,D$1)) | E20: =IF($A20="","",SUMIFS(Timesheet!$E:$E,Timesheet!$C:$C,$A20,Timesheet!$B:$B,E$1)) | F20: =IF($A20="","",SUMIFS(Timesheet!$E:$E,Timesheet!$C:$C,$A20,Timesheet!$B:$B,F$1)) | G20: =IF($A20="","",SUM(C20:F20))
A21: =IFERROR(INDEX(AllocationList,20),"") | B21: =IF($A21="","",IFERROR(VLOOKUP($A21,Lists!$C:$D,2,FALSE),"")) | C21: =IF($A21="","",SUMIFS(Timesheet!$E:$E,Timesheet!$C:$C,$A21,Timesheet!$B:$B,C$1)) | D21: =IF($A21="","",SUMIFS(Timesheet!$E:$E,Timesheet!$C:$C,$A21,Timesheet!$B:$B,D$1)) | E21: =IF($A21="","",SUMIFS(Timesheet!$E:$E,Timesheet!$C:$C,$A21,Timesheet!$B:$B,E$1)) | F21: =IF($A21="","",SUMIFS(Timesheet!$E:$E,Timesheet!$C:$C,$A21,Timesheet!$B:$B,F$1)) | G21: =IF($A21="","",SUM(C21:F21))
A22: 20 rows are reserved above for allocations pulled from the Lists tab. If you add more than 20 projects/leave types, copy the last data row's formulas down further.
A23: Grand Total | C23: =SUM(C2:C21) | D23: =SUM(D2:D21) | E23: =SUM(E2:E21) | F23: =SUM(F2:F21) | G23: =SUM(G2:G21)
A25: Total Project Hours | G25: =SUMIF($B$2:$B$21,"Project",$G$2:$G$21)
A26: Total Leave Hours | G26: =SUMIF($B$2:$B$21,"Leave",$G$2:$G$21)

Sheet Dashboard
A1: Team Snapshot
A3: Current Week Ending: | B3: =TODAY()-WEEKDAY(TODAY(),3)+6
A5: Staff Name | B5: Hours This Week | C5: Target | D5: Variance | E5: Status
A6: =Lists!$A$2 | B6: =IF($A6="","",SUMIFS(Timesheet!$E:$E,Timesheet!$B:$B,$A6,Timesheet!$G:$G,$B$3)) | C6: =7.5*5 | D6: =B6-C6 | E6: =IF(B6="","",IF(D6=0,"On Target",IF(D6>0,"Over","Under")))
A7: =Lists!$A$3 | B7: =IF($A7="","",SUMIFS(Timesheet!$E:$E,Timesheet!$B:$B,$A7,Timesheet!$G:$G,$B$3)) | C7: =7.5*5 | D7: =B7-C7 | E7: =IF(B7="","",IF(D7=0,"On Target",IF(D7>0,"Over","Under")))
A8: =Lists!$A$4 | B8: =IF($A8="","",SUMIFS(Timesheet!$E:$E,Timesheet!$B:$B,$A8,Timesheet!$G:$G,$B$3)) | C8: =7.5*5 | D8: =B8-C8 | E8: =IF(B8="","",IF(D8=0,"On Target",IF(D8>0,"Over","Under")))
A9: =Lists!$A$5 | B9: =IF($A9="","",SUMIFS(Timesheet!$E:$E,Timesheet!$B:$B,$A9,Timesheet!$G:$G,$B$3)) | C9: =7.5*5 | D9: =B9-C9 | E9: =IF(B9="","",IF(D9=0,"On Target",IF(D9>0,"Over","Under")))
